category,filename,source_url,source_pages,sha256,bytes
animated-sprites,animations/cats/cat-chilling-black.gif,https://mistral.ai/images/cat/cat-chilling-black.gif,https://mistral.ai/fr/products/vibe/ | https://mistral.ai/it/products/vibe/ | https://mistral.ai/products/vibe/,ddf5fe5bf49a78fd135b9ff96edae54fb673219322c7b409f47feebfbe970271,14635
animated-sprites,animations/cats/cat-sitting-black.gif,https://mistral.ai/images/cat/cat-sitting-black.gif,https://mistral.ai/ | https://mistral.ai/brand/ | https://mistral.ai/fr/ | https://mistral.ai/fr/brand/ | https://mistral.ai/fr/industry/finance/ | https://mistral.ai/fr/industry/manufacturing/ | https://mistral.ai/fr/industry/public-sector/ | https://mistral.ai/fr/models/ | https://mistral.ai/fr/pricing/ | https://mistral.ai/fr/products/compute/ | https://mistral.ai/fr/products/forge/ | https://mistral.ai/fr/products/studio/ | https://mistral.ai/fr/products/vibe/ | https://mistral.ai/fr/products/vibe/code/ | https://mistral.ai/fr/services/ | https://mistral.ai/fr/solutions/ | https://mistral.ai/fr/solutions/coding/ | https://mistral.ai/fr/solutions/custom-model-training/ | https://mistral.ai/fr/solutions/document-ai/ | https://mistral.ai/fr/solutions/speech/ | https://mistral.ai/industry/finance/ | https://mistral.ai/industry/manufacturing/ | https://mistral.ai/industry/public-sector/ | https://mistral.ai/it/ | https://mistral.ai/it/brand/ | https://mistral.ai/it/industry/finance/ | https://mistral.ai/it/industry/manufacturing/ | https://mistral.ai/it/industry/public-sector/ | https://mistral.ai/it/models/ | https://mistral.ai/it/pricing/ | https://mistral.ai/it/products/compute/ | https://mistral.ai/it/products/forge/ | https://mistral.ai/it/products/studio/ | https://mistral.ai/it/products/vibe/ | https://mistral.ai/it/products/vibe/code/ | https://mistral.ai/it/services/ | https://mistral.ai/it/solutions/ | https://mistral.ai/it/solutions/coding/ | https://mistral.ai/it/solutions/custom-model-training/ | https://mistral.ai/it/solutions/document-ai/ | https://mistral.ai/it/solutions/speech/ | https://mistral.ai/models/ | https://mistral.ai/preview/ | https://mistral.ai/pricing/ | https://mistral.ai/products/compute/ | https://mistral.ai/products/forge/ | https://mistral.ai/products/studio/ | https://mistral.ai/products/vibe/ | https://mistral.ai/products/vibe/code/ | https://mistral.ai/services/ | https://mistral.ai/solutions/ | https://mistral.ai/solutions/coding/ | https://mistral.ai/solutions/custom-model-training/ | https://mistral.ai/solutions/document-ai/ | https://mistral.ai/solutions/speech/,6fd280f752708c03e5d3be6ce8abf0b33f546b8d170d1938c766d10eddd90cb6,22976
model-sprites,source/models/Icon-Model-7b.svg,https://mistral.ai/cms-media/api/media/file/Icon-Model-7b.svg,https://mistral.ai/brand/ | https://mistral.ai/fr/brand/ | https://mistral.ai/it/brand/,20e74c86ce0bf1286b8644e7aacf6a96fe880331dcfd6a1ebb22198b211f69d2,4157
model-sprites,source/models/Icon-Model-Classifier.svg,https://mistral.ai/cms-media/api/media/file/Icon-Model-Classifier.svg,https://mistral.ai/brand/ | https://mistral.ai/fr/brand/ | https://mistral.ai/fr/models/ | https://mistral.ai/fr/pricing/ | https://mistral.ai/it/brand/ | https://mistral.ai/it/models/ | https://mistral.ai/it/pricing/ | https://mistral.ai/models/ | https://mistral.ai/pricing/,a16d504e9b26fc9ef997ad3fe40cb45822decc55b22bdfa327bc959d4f2d52f3,2941
model-sprites,source/models/Icon-Model-Codestral.svg,https://mistral.ai/cms-media/api/media/file/Icon-Model-Codestral.svg,https://mistral.ai/brand/ | https://mistral.ai/fr/brand/ | https://mistral.ai/fr/models/ | https://mistral.ai/fr/pricing/ | https://mistral.ai/it/brand/ | https://mistral.ai/it/models/ | https://mistral.ai/it/pricing/ | https://mistral.ai/models/ | https://mistral.ai/pricing/,3ec5a7e76f3a77d9e58f835cf3fdb3dda1c52f40efafb4bbcd4533aa62ac8558,1137
model-sprites,source/models/Icon-Model-Codestral_Embed.svg,https://mistral.ai/cms-media/api/media/file/Icon-Model-Codestral%20Embed.svg,https://mistral.ai/brand/ | https://mistral.ai/fr/brand/ | https://mistral.ai/fr/models/ | https://mistral.ai/fr/pricing/ | https://mistral.ai/it/brand/ | https://mistral.ai/it/models/ | https://mistral.ai/it/pricing/ | https://mistral.ai/models/ | https://mistral.ai/pricing/,69ac2623815744ed611b900d66510b06d405c327e82a8c3a425456ba0ee10454,1375
model-sprites,source/models/Icon-Model-Devstral.svg,Mistral brand page display asset: icons/icon-m-code-window.svg,https://mistral.ai/brand/,31c5e6335a284eed4b9cb8b47719c8045de5b81eb6b799c09bcef10e6f12cec5,1966
model-sprites,source/models/Icon-Model-Embed.svg,https://mistral.ai/cms-media/api/media/file/Icon-Model-Embed.svg,https://mistral.ai/brand/ | https://mistral.ai/fr/brand/ | https://mistral.ai/fr/models/ | https://mistral.ai/fr/pricing/ | https://mistral.ai/it/brand/ | https://mistral.ai/it/models/ | https://mistral.ai/it/pricing/ | https://mistral.ai/models/ | https://mistral.ai/pricing/,e2f007a4e9322fecfedec9dfbcf28abed994d2d37ac3df2549dae534b2ae2801,3714
model-sprites,source/models/Icon-Model-Large_3.svg,https://mistral.ai/cms-media/api/media/file/Icon-Model-Large%203.svg,https://mistral.ai/brand/ | https://mistral.ai/fr/brand/ | https://mistral.ai/fr/models/ | https://mistral.ai/fr/news/mistral-3/ | https://mistral.ai/fr/pricing/ | https://mistral.ai/it/brand/ | https://mistral.ai/it/models/ | https://mistral.ai/it/news/mistral-3/ | https://mistral.ai/it/pricing/ | https://mistral.ai/models/ | https://mistral.ai/news/mistral-3/ | https://mistral.ai/pricing/,cececa5007973898768d2c3c8add43b32f7af91c8c13d3e816471a980129d973,6750
model-sprites,source/models/Icon-Model-Leanstral.svg,https://mistral.ai/cms-media/api/media/file/Icon-Model-Leanstral.svg,https://mistral.ai/brand/ | https://mistral.ai/fr/brand/ | https://mistral.ai/fr/models/ | https://mistral.ai/fr/pricing/ | https://mistral.ai/it/brand/ | https://mistral.ai/it/models/ | https://mistral.ai/it/pricing/ | https://mistral.ai/models/ | https://mistral.ai/pricing/,3d6875f7b745e58bf33ce2e8ef7e595c1ed646db6f6c5dd4c7da1e49869d6b46,2083
model-sprites,source/models/Icon-Model-Magistral.svg,https://mistral.ai/cms-media/api/media/file/Icon-Model-Magistral.svg,https://mistral.ai/brand/ | https://mistral.ai/fr/brand/ | https://mistral.ai/fr/pricing/ | https://mistral.ai/it/brand/ | https://mistral.ai/it/pricing/ | https://mistral.ai/pricing/,838d2b66f9fbcd8df3c765e5099c53c3c9500aaa49adc59667f91ad1e4862cbb,2869
model-sprites,source/models/Icon-Model-Medium.svg,Mistral brand page display asset: model-icons/2a1ffaf3-f171-460b-be1b-fc734aa776aa.svg,https://mistral.ai/brand/,47c8d4b0bf38c886102f3ae86026e6281332688750fbef0fa0dc9a46f15b7f48,6427
model-sprites,source/models/Icon-Model-Ministraux.svg,https://mistral.ai/cms-media/api/media/file/Icon-Model-Ministraux.svg,https://mistral.ai/brand/ | https://mistral.ai/fr/brand/ | https://mistral.ai/fr/models/ | https://mistral.ai/fr/news/mistral-3/ | https://mistral.ai/fr/pricing/ | https://mistral.ai/it/brand/ | https://mistral.ai/it/models/ | https://mistral.ai/it/news/mistral-3/ | https://mistral.ai/it/pricing/ | https://mistral.ai/models/ | https://mistral.ai/news/mistral-3/ | https://mistral.ai/pricing/,908a596ae83e228db807115cb50fab16c7e704e03daa5228f5f58090f2a0fcfb,5486
model-sprites,source/models/Icon-Model-Moderation.svg,https://mistral.ai/cms-media/api/media/file/Icon-Model-Moderation.svg,https://mistral.ai/brand/ | https://mistral.ai/fr/brand/ | https://mistral.ai/fr/models/ | https://mistral.ai/fr/pricing/ | https://mistral.ai/it/brand/ | https://mistral.ai/it/models/ | https://mistral.ai/it/pricing/ | https://mistral.ai/models/ | https://mistral.ai/pricing/,f89b6a0531b9265ffa977a4a3578123fecd581bce4af1e7d7365dc64a235d832,1789
model-sprites,source/models/Icon-Model-OCR.svg,Mistral brand page display asset: model-icons/ocr.svg,https://mistral.ai/brand/,f10324dafcf0ab943d1eb0fcbfc9fc6a651a78662db1c4595d53292d2b1d9b05,1751
model-sprites,source/models/Icon-Model-Pixtral-1.svg,https://mistral.ai/cms-media/api/media/file/Icon-Model-Pixtral-1.svg,https://mistral.ai/brand/ | https://mistral.ai/fr/brand/ | https://mistral.ai/it/brand/,af764cec239b8fe33a14f0bcc3401cb6b30f7007e80f12fdd1758f963cf0e440,1511
model-sprites,source/models/Icon-Model-Small.svg,https://mistral.ai/cms-media/api/media/file/Icon-Model-Small.svg,https://mistral.ai/brand/ | https://mistral.ai/fr/brand/ | https://mistral.ai/fr/models/ | https://mistral.ai/fr/news/mistral-small-4/ | https://mistral.ai/fr/pricing/ | https://mistral.ai/it/brand/ | https://mistral.ai/it/models/ | https://mistral.ai/it/news/mistral-small-4/ | https://mistral.ai/it/pricing/ | https://mistral.ai/models/ | https://mistral.ai/news/mistral-small-4/ | https://mistral.ai/pricing/,78b9493bad8d43470522c0e69b7d0ddbf7763f4f78fd5636f2da78e8e0ae1cf1,3990
model-sprites,source/models/Icon-Model-Voxtral.svg,https://mistral.ai/cms-media/api/media/file/Icon-Model-Voxtral.svg,https://mistral.ai/brand/ | https://mistral.ai/fr/brand/ | https://mistral.ai/fr/models/ | https://mistral.ai/fr/news/voxtral-transcribe-2/ | https://mistral.ai/fr/news/voxtral-tts/ | https://mistral.ai/fr/pricing/ | https://mistral.ai/it/brand/ | https://mistral.ai/it/models/ | https://mistral.ai/it/news/voxtral-transcribe-2/ | https://mistral.ai/it/news/voxtral-tts/ | https://mistral.ai/it/pricing/ | https://mistral.ai/models/ | https://mistral.ai/news/voxtral-transcribe-2/ | https://mistral.ai/news/voxtral-tts/ | https://mistral.ai/pricing/,5b219f3259667201aa62ee10ab8ccb82d05c89ad2390e166f9985410a100808f,8345
ui-sprites,source/ui/bag.svg,https://mistral.ai/cms-media/api/media/file/bag.svg,https://mistral.ai/ | https://mistral.ai/about/ | https://mistral.ai/fr/ | https://mistral.ai/fr/about/ | https://mistral.ai/fr/industry/finance/ | https://mistral.ai/fr/pricing/ | https://mistral.ai/fr/solutions/ | https://mistral.ai/industry/finance/ | https://mistral.ai/it/ | https://mistral.ai/it/about/ | https://mistral.ai/it/industry/finance/ | https://mistral.ai/it/pricing/ | https://mistral.ai/it/solutions/ | https://mistral.ai/preview/ | https://mistral.ai/pricing/ | https://mistral.ai/solutions/,ac0d5ec410d13a10ed2608d18dab52125124f8f03f04a2cd06d13c495b1fe2da,2064
ui-sprites,source/ui/cubes.svg,https://mistral.ai/cms-media/api/media/file/cubes.svg,https://mistral.ai/ | https://mistral.ai/fr/ | https://mistral.ai/fr/industry/finance/ | https://mistral.ai/fr/industry/manufacturing/ | https://mistral.ai/fr/industry/public-sector/ | https://mistral.ai/industry/finance/ | https://mistral.ai/industry/manufacturing/ | https://mistral.ai/industry/public-sector/ | https://mistral.ai/it/ | https://mistral.ai/it/industry/finance/ | https://mistral.ai/it/industry/manufacturing/ | https://mistral.ai/it/industry/public-sector/ | https://mistral.ai/preview/,d98cdc3553fb8d7a4757898e3fdafbdf8ee0ec756e80ca35f7d931208665fc1f,5252
ui-sprites,source/ui/earth.svg,https://mistral.ai/cms-media/api/media/file/earth.svg,https://mistral.ai/ | https://mistral.ai/about/ | https://mistral.ai/fr/ | https://mistral.ai/fr/about/ | https://mistral.ai/fr/industry/finance/ | https://mistral.ai/fr/industry/manufacturing/ | https://mistral.ai/fr/industry/public-sector/ | https://mistral.ai/fr/pricing/ | https://mistral.ai/fr/products/vibe/code/ | https://mistral.ai/fr/solutions/ | https://mistral.ai/fr/solutions/custom-model-training/ | https://mistral.ai/fr/solutions/document-ai/ | https://mistral.ai/industry/finance/ | https://mistral.ai/industry/manufacturing/ | https://mistral.ai/industry/public-sector/ | https://mistral.ai/it/ | https://mistral.ai/it/about/ | https://mistral.ai/it/industry/finance/ | https://mistral.ai/it/industry/manufacturing/ | https://mistral.ai/it/industry/public-sector/ | https://mistral.ai/it/pricing/ | https://mistral.ai/it/products/vibe/code/ | https://mistral.ai/it/solutions/ | https://mistral.ai/it/solutions/custom-model-training/ | https://mistral.ai/it/solutions/document-ai/ | https://mistral.ai/preview/ | https://mistral.ai/pricing/ | https://mistral.ai/products/vibe/code/ | https://mistral.ai/solutions/ | https://mistral.ai/solutions/custom-model-training/ | https://mistral.ai/solutions/document-ai/,065ae94378aa643c3b65499c2678d5ba21402aec600e76faca3bb3d88192043e,4179
ui-sprites,source/ui/icon-blue-puzzle-cube.svg,https://mistral.ai/cms-media/api/media/file/icon-blue-puzzle-cube.svg,https://mistral.ai/fr/models/ | https://mistral.ai/fr/solutions/custom-model-training/ | https://mistral.ai/it/models/ | https://mistral.ai/it/solutions/custom-model-training/ | https://mistral.ai/models/ | https://mistral.ai/solutions/custom-model-training/,2d319993ce4868614fadb33215ddec8f144b74d0a828b66821b5ebca2137f7b2,8878
ui-sprites,source/ui/icon-building.svg,https://mistral.ai/cms-media/api/media/file/icon-building.svg,https://mistral.ai/fr/products/vibe/ | https://mistral.ai/it/products/vibe/ | https://mistral.ai/products/vibe/,43ccff09871688f30c2c99bed057a9b7b26b59ead40b91ea42b6434d5ef07510,2999
ui-sprites,source/ui/icon-bullhorn.svg,https://mistral.ai/cms-media/api/media/file/icon-bullhorn.svg,https://mistral.ai/fr/solutions/speech/ | https://mistral.ai/it/solutions/speech/ | https://mistral.ai/solutions/speech/,4ba4d764ebf58bbda70b8d72a91b0c43bb012c974163649cab5b3830a1389480,2689
ui-sprites,source/ui/icon-capitol-building.webp,https://mistral.ai/_astro/icon-capitol-building_2lULTh.webp?dpl=6a3ad1d1ddeeff3ec7c9cb8e,https://mistral.ai/fr/industry/public-sector/ | https://mistral.ai/fr/solutions/custom-model-training/ | https://mistral.ai/fr/solutions/speech/ | https://mistral.ai/industry/public-sector/ | https://mistral.ai/it/industry/public-sector/ | https://mistral.ai/it/solutions/custom-model-training/ | https://mistral.ai/it/solutions/speech/ | https://mistral.ai/solutions/custom-model-training/ | https://mistral.ai/solutions/speech/,d5cb0427853c9037e34552aab4d274b1b95b74734fc887822346cf3cce7bb714,2974
ui-sprites,source/ui/icon-car.svg,https://mistral.ai/cms-media/api/media/file/icon-car.svg,https://mistral.ai/fr/solutions/speech/ | https://mistral.ai/it/solutions/speech/ | https://mistral.ai/solutions/speech/,1dc5161eba7c17bd688e3a3df3ff0afb4feb0e088cae348fe02c8b434b520b08,4255
ui-sprites,source/ui/icon-crown.svg,https://mistral.ai/cms-media/api/media/file/icon-crown.svg,https://mistral.ai/fr/industry/manufacturing/ | https://mistral.ai/fr/solutions/coding/ | https://mistral.ai/fr/solutions/custom-model-training/ | https://mistral.ai/industry/manufacturing/ | https://mistral.ai/it/industry/manufacturing/ | https://mistral.ai/it/solutions/coding/ | https://mistral.ai/it/solutions/custom-model-training/ | https://mistral.ai/solutions/coding/ | https://mistral.ai/solutions/custom-model-training/,aea9375cc23c821c9736fb3e23a21c8efcd6d97e0a9678072c6a42c26b192280,13522
ui-sprites,source/ui/icon-education.svg,https://mistral.ai/cms-media/api/media/file/icon-education.svg,https://mistral.ai/fr/pricing/ | https://mistral.ai/it/pricing/ | https://mistral.ai/pricing/,3ad00aad92dd1a4aef26fde114948fb2ef342f37257ed643348ce4c4d5e89088,5388
ui-sprites,source/ui/icon-flower-pot.svg,https://mistral.ai/cms-media/api/media/file/icon-flower-pot.svg,https://mistral.ai/fr/solutions/custom-model-training/ | https://mistral.ai/it/solutions/custom-model-training/ | https://mistral.ai/solutions/custom-model-training/,ab679e74d9429ae565642b78a3e5bcdccea785d54b9731d88b6d205f290c636d,3099
ui-sprites,source/ui/icon-gear.webp,https://mistral.ai/_astro/icon-gear_231oIE.webp?dpl=6a3ad1d1ddeeff3ec7c9cb8e,https://mistral.ai/ | https://mistral.ai/fr/ | https://mistral.ai/fr/industry/manufacturing/ | https://mistral.ai/fr/products/forge/ | https://mistral.ai/fr/solutions/custom-model-training/ | https://mistral.ai/industry/manufacturing/ | https://mistral.ai/it/ | https://mistral.ai/it/industry/manufacturing/ | https://mistral.ai/it/products/forge/ | https://mistral.ai/it/solutions/custom-model-training/ | https://mistral.ai/preview/ | https://mistral.ai/products/forge/ | https://mistral.ai/solutions/custom-model-training/,a8d774cbd86be93e62f5db1aa8b91851828a3c469f1c06d6a35631eebfce341d,3786
ui-sprites,source/ui/icon-hammer.svg,https://mistral.ai/cms-media/api/media/file/icon-hammer.svg,https://mistral.ai/fr/products/compute/ | https://mistral.ai/it/products/compute/ | https://mistral.ai/products/compute/,c777c0be61c5ad23f0497c9ac656763f222787cc08bc5b44b2dad7cfb9c42607,7240
ui-sprites,source/ui/icon-headset.svg,https://mistral.ai/cms-media/api/media/file/icon-headset.svg,https://mistral.ai/contact/ | https://mistral.ai/fr/contact/ | https://mistral.ai/fr/products/compute/ | https://mistral.ai/fr/solutions/speech/ | https://mistral.ai/it/contact/ | https://mistral.ai/it/products/compute/ | https://mistral.ai/it/solutions/speech/ | https://mistral.ai/products/compute/ | https://mistral.ai/solutions/speech/,e8593f26d43a38dcdaaaebb836bf8667a617adde1fa7b4dcae376f586769a87a,3141
ui-sprites,source/ui/icon-house.svg,https://mistral.ai/cms-media/api/media/file/icon-house.svg,https://mistral.ai/fr/products/vibe/ | https://mistral.ai/it/products/vibe/ | https://mistral.ai/products/vibe/,4321fdcb19a0c2ea95b06e86eafe28de17487bd43a54e1fc461e3dcb90192b75,15119
ui-sprites,source/ui/icon-key.webp,https://mistral.ai/_astro/icon-key_Z1U8cmF.webp?dpl=6a3ad1d1ddeeff3ec7c9cb8e,https://mistral.ai/about/ | https://mistral.ai/fr/about/ | https://mistral.ai/fr/industry/public-sector/ | https://mistral.ai/fr/solutions/custom-model-training/ | https://mistral.ai/industry/public-sector/ | https://mistral.ai/it/about/ | https://mistral.ai/it/industry/public-sector/ | https://mistral.ai/it/solutions/custom-model-training/ | https://mistral.ai/solutions/custom-model-training/,e4bdf7a1ee52fa0a0ef834e3f23c001cc693dba691aef248a145887e369d050f,2792
ui-sprites,source/ui/icon-lab-beaker.svg,https://mistral.ai/cms-media/api/media/file/icon-lab-beaker.svg,https://mistral.ai/fr/products/compute/ | https://mistral.ai/fr/solutions/custom-model-training/ | https://mistral.ai/fr/solutions/document-ai/ | https://mistral.ai/it/products/compute/ | https://mistral.ai/it/solutions/custom-model-training/ | https://mistral.ai/it/solutions/document-ai/ | https://mistral.ai/products/compute/ | https://mistral.ai/solutions/custom-model-training/ | https://mistral.ai/solutions/document-ai/,9f208aa6e488c0cc5d2df9ca3420040a7a24fabb98a9020ebebc88488d12f473,2742
ui-sprites,source/ui/icon-layers-stack.svg,https://mistral.ai/cms-media/api/media/file/icon-layers-stack.svg,https://mistral.ai/fr/services/ | https://mistral.ai/fr/solutions/custom-model-training/ | https://mistral.ai/it/services/ | https://mistral.ai/it/solutions/custom-model-training/ | https://mistral.ai/services/ | https://mistral.ai/solutions/custom-model-training/,5553e87afb4ef439ee3ca4dae671c46ebec3486b8869c4d3ee7687627752fe3b,10833
ui-sprites,source/ui/icon-lock.svg,https://mistral.ai/cms-media/api/media/file/icon-lock.svg,https://mistral.ai/careers/ | https://mistral.ai/contact/ | https://mistral.ai/fr/careers/ | https://mistral.ai/fr/contact/ | https://mistral.ai/fr/industry/manufacturing/ | https://mistral.ai/fr/solutions/coding/ | https://mistral.ai/industry/manufacturing/ | https://mistral.ai/it/careers/ | https://mistral.ai/it/contact/ | https://mistral.ai/it/industry/manufacturing/ | https://mistral.ai/it/solutions/coding/ | https://mistral.ai/solutions/coding/,2b99cd3b9775db8ad3fa5e68c43e9fc8e5bf8101b123b8c508c06c41a408d346,2097
ui-sprites,source/ui/icon-m-book-red.svg,https://mistral.ai/cms-media/api/media/file/icon-m-book-red.svg,https://mistral.ai/fr/pricing/ | https://mistral.ai/fr/products/vibe/code/ | https://mistral.ai/it/pricing/ | https://mistral.ai/it/products/vibe/code/ | https://mistral.ai/pricing/ | https://mistral.ai/products/vibe/code/,a0f3ff51a4d8373991a59bd0dc98870303cd41f7877340200b08edb9ef5fa00c,2138
ui-sprites,source/ui/icon-m-cloud.svg,https://mistral.ai/cms-media/api/media/file/icon-m-cloud.svg,https://mistral.ai/fr/services/ | https://mistral.ai/it/services/ | https://mistral.ai/services/,881b0a22f25472263fb7e45256b27e96f9d5aaadfe87b449a6ae91105f7e1fed,20700
ui-sprites,source/ui/icon-m-coin.webp,https://mistral.ai/_astro/icon-m-coin_1B9A9Y.webp?dpl=6a3ad1d1ddeeff3ec7c9cb8e,https://mistral.ai/fr/services/ | https://mistral.ai/it/services/ | https://mistral.ai/services/,a38703ba68e9484be8207cb3e1e3de5401486504ed1c6c8e06ff45f8520c4cbd,2502
ui-sprites,source/ui/icon-m-fire.svg,https://mistral.ai/cms-media/api/media/file/icon-m-fire.svg,https://mistral.ai/fr/services/ | https://mistral.ai/it/services/ | https://mistral.ai/services/,3bef51f8ccdea33d086d8de89ce26e3dd426cc36bf42284fa7a7342e3f696f8a,4115
ui-sprites,source/ui/icon-m-flower.svg,https://mistral.ai/cms-media/api/media/file/icon-m-flower.svg,https://mistral.ai/ | https://mistral.ai/about/ | https://mistral.ai/brand/ | https://mistral.ai/careers/ | https://mistral.ai/contact/ | https://mistral.ai/customers/ | https://mistral.ai/customers/airbus/ | https://mistral.ai/customers/ardian/ | https://mistral.ai/customers/asml/ | https://mistral.ai/customers/austrian-academy-of-sciences/ | https://mistral.ai/customers/axa/ | https://mistral.ai/customers/belfius/ | https://mistral.ai/customers/bigdatacorp/ | https://mistral.ai/customers/bmw/ | https://mistral.ai/customers/bnp-paribas-quote-as-feature/ | https://mistral.ai/customers/bnp-paribas/ | https://mistral.ai/customers/brave/ | https://mistral.ai/customers/capgemini/ | https://mistral.ai/customers/cisco/ | https://mistral.ai/customers/cloudflare/ | https://mistral.ai/customers/cma-cgm/ | https://mistral.ai/customers/dso/ | https://mistral.ai/customers/epo/ | https://mistral.ai/customers/ericsson/ | https://mistral.ai/customers/fastweb/ | https://mistral.ai/customers/france-travail/ | https://mistral.ai/customers/french-ministry-of-defense/ | https://mistral.ai/customers/french-ministry-of-digital-transition/ | https://mistral.ai/customers/front/ | https://mistral.ai/customers/gojob/ | https://mistral.ai/customers/government-of-luxembourg/ | https://mistral.ai/customers/harvey/ | https://mistral.ai/customers/helsing/ | https://mistral.ai/customers/hsbc/ | https://mistral.ai/customers/htx/ | https://mistral.ai/customers/hugging-face/ | https://mistral.ai/customers/ibm/ | https://mistral.ai/customers/knowunity/ | https://mistral.ai/customers/lamini/ | https://mistral.ai/customers/lindy/ | https://mistral.ai/customers/mars/ | https://mistral.ai/customers/ministry-of-high-tech-industry-of-armenia/ | https://mistral.ai/customers/mirakl/ | https://mistral.ai/customers/mongodb/ | https://mistral.ai/customers/octoai/ | https://mistral.ai/customers/orange/ | https://mistral.ai/customers/pierre-fabre/ | https://mistral.ai/customers/pretto/ | https://mistral.ai/customers/qonto/ | https://mistral.ai/customers/quora/ | https://mistral.ai/customers/sap/ | https://mistral.ai/customers/singapores-ministry-of-defence-mindef/ | https://mistral.ai/customers/sncf/ | https://mistral.ai/customers/snowflake/ | https://mistral.ai/customers/stellantis/ | https://mistral.ai/customers/superinsight/ | https://mistral.ai/customers/synapse-medicine/ | https://mistral.ai/customers/totalenergies/ | https://mistral.ai/customers/university-of-groningen/ | https://mistral.ai/customers/veolia/ | https://mistral.ai/customers/zalando/ | https://mistral.ai/debug/ | https://mistral.ai/error/ | https://mistral.ai/fr/ | https://mistral.ai/fr/about/ | https://mistral.ai/fr/brand/ | https://mistral.ai/fr/careers/ | https://mistral.ai/fr/contact/ | https://mistral.ai/fr/customers/ | https://mistral.ai/fr/customers/airbus/ | https://mistral.ai/fr/customers/ardian/ | https://mistral.ai/fr/customers/asml/ | https://mistral.ai/fr/customers/austrian-academy-of-sciences/ | https://mistral.ai/fr/customers/axa/ | https://mistral.ai/fr/customers/belfius/ | https://mistral.ai/fr/customers/bigdatacorp/ | https://mistral.ai/fr/customers/bmw/ | https://mistral.ai/fr/customers/bnp-paribas-quote-as-feature/ | https://mistral.ai/fr/customers/bnp-paribas/ | https://mistral.ai/fr/customers/brave/ | https://mistral.ai/fr/customers/capgemini/ | https://mistral.ai/fr/customers/cisco/ | https://mistral.ai/fr/customers/cloudflare/ | https://mistral.ai/fr/customers/cma-cgm/ | https://mistral.ai/fr/customers/dso/ | https://mistral.ai/fr/customers/epo/ | https://mistral.ai/fr/customers/ericsson/ | https://mistral.ai/fr/customers/fastweb/ | https://mistral.ai/fr/customers/france-travail/ | https://mistral.ai/fr/customers/french-ministry-of-defense/ | https://mistral.ai/fr/customers/french-ministry-of-digital-transition/ | https://mistral.ai/fr/customers/front/ | https://mistral.ai/fr/customers/gojob/ | https://mistral.ai/fr/customers/government-of-luxembourg/ | https://mistral.ai/fr/customers/harvey/ | https://mistral.ai/fr/customers/helsing/ | https://mistral.ai/fr/customers/hsbc/ | https://mistral.ai/fr/customers/htx/ | https://mistral.ai/fr/customers/hugging-face/ | https://mistral.ai/fr/customers/ibm/ | https://mistral.ai/fr/customers/knowunity/ | https://mistral.ai/fr/customers/lamini/ | https://mistral.ai/fr/customers/lindy/ | https://mistral.ai/fr/customers/mars/ | https://mistral.ai/fr/customers/ministry-of-high-tech-industry-of-armenia/ | https://mistral.ai/fr/customers/mirakl/ | https://mistral.ai/fr/customers/mongodb/ | https://mistral.ai/fr/customers/octoai/ | https://mistral.ai/fr/customers/orange/ | https://mistral.ai/fr/customers/pierre-fabre/ | https://mistral.ai/fr/customers/pretto/ | https://mistral.ai/fr/customers/qonto/ | https://mistral.ai/fr/customers/quora/ | https://mistral.ai/fr/customers/sap/ | https://mistral.ai/fr/customers/singapores-ministry-of-defence-mindef/ | https://mistral.ai/fr/customers/sncf/ | https://mistral.ai/fr/customers/snowflake/ | https://mistral.ai/fr/customers/stellantis/ | https://mistral.ai/fr/customers/superinsight/ | https://mistral.ai/fr/customers/synapse-medicine/ | https://mistral.ai/fr/customers/totalenergies/ | https://mistral.ai/fr/customers/university-of-groningen/ | https://mistral.ai/fr/customers/veolia/ | https://mistral.ai/fr/customers/zalando/ | https://mistral.ai/fr/error/ | https://mistral.ai/fr/industry/ | https://mistral.ai/fr/industry/finance/ | https://mistral.ai/fr/industry/manufacturing/ | https://mistral.ai/fr/industry/public-sector/ | https://mistral.ai/fr/legal/ | https://mistral.ai/fr/legal/child-abuse/ | https://mistral.ai/fr/license-mistral-ai-models-for-nvidia-inference-microservices/ | https://mistral.ai/fr/models/ | https://mistral.ai/fr/news/ | https://mistral.ai/fr/news/2024-ft-hackathon/ | https://mistral.ai/fr/news/about-mistral-ai/ | https://mistral.ai/fr/news/accelerate-ai-native-industry/ | https://mistral.ai/fr/news/agentic-workflows-from-meetings-to-dev-tickets/ | https://mistral.ai/fr/news/agents-api/ | https://mistral.ai/fr/news/ai-for-citizens/ | https://mistral.ai/fr/news/ai-now-summit-2026/ | https://mistral.ai/fr/news/ai-studio/ | https://mistral.ai/fr/news/all-new-le-chat/ | https://mistral.ai/fr/news/announcing-mistral-7b/ | https://mistral.ai/fr/news/batch-api/ | https://mistral.ai/fr/news/build-tweak-repeat/ | https://mistral.ai/fr/news/codestral-25-08/ | https://mistral.ai/fr/news/codestral-2501/ | https://mistral.ai/fr/news/codestral-embed/ | https://mistral.ai/fr/news/codestral-mamba/ | https://mistral.ai/fr/news/codestral/ | https://mistral.ai/fr/news/connectors/ | https://mistral.ai/fr/news/customization/ | https://mistral.ai/fr/news/debugging-memory-leak-in-vllm/ | https://mistral.ai/fr/news/devstral-2-vibe-cli/ | https://mistral.ai/fr/news/devstral-2507/ | https://mistral.ai/fr/news/devstral/ | https://mistral.ai/fr/news/forge/ | https://mistral.ai/fr/news/introducing-physics-ai-at-mistral/ | https://mistral.ai/fr/news/ki-fur-deutschland/ | https://mistral.ai/fr/news/la-plateforme/ | https://mistral.ai/fr/news/le-chat-dives-deep/ | https://mistral.ai/fr/news/le-chat-enterprise/ | https://mistral.ai/fr/news/le-chat-mcp-connectors-memories/ | https://mistral.ai/fr/news/le-chat-mistral/ | https://mistral.ai/fr/news/leanstral/ | https://mistral.ai/fr/news/llm-as-rag-judge/ | https://mistral.ai/fr/news/magistral/ | https://mistral.ai/fr/news/mathstral/ | https://mistral.ai/fr/news/memory/ | https://mistral.ai/fr/news/ministraux/ | https://mistral.ai/fr/news/mistral-3/ | https://mistral.ai/fr/news/mistral-afp/ | https://mistral.ai/fr/news/mistral-ai-and-nvidia-partner-to-accelerate-open-frontier-models/ | https://mistral.ai/fr/news/mistral-ai-non-production-license-mnpl/ | https://mistral.ai/fr/news/mistral-ai-raises-1-7-b-to-accelerate-technological-progress-with-ai/ | https://mistral.ai/fr/news/mistral-chat/ | https://mistral.ai/fr/news/mistral-code/ | https://mistral.ai/fr/news/mistral-compute/ | https://mistral.ai/fr/news/mistral-large-2407/ | https://mistral.ai/fr/news/mistral-large/ | https://mistral.ai/fr/news/mistral-medium-3/ | https://mistral.ai/fr/news/mistral-moderation/ | https://mistral.ai/fr/news/mistral-nemo/ | https://mistral.ai/fr/news/mistral-ocr-3/ | https://mistral.ai/fr/news/mistral-ocr/ | https://mistral.ai/fr/news/mistral-saba/ | https://mistral.ai/fr/news/mistral-small-3-1/ | https://mistral.ai/fr/news/mistral-small-3/ | https://mistral.ai/fr/news/mistral-small-4/ | https://mistral.ai/fr/news/mistral-vibe-2-0/ | https://mistral.ai/fr/news/mixtral-8x22b/ | https://mistral.ai/fr/news/mixtral-of-experts/ | https://mistral.ai/fr/news/ocr-4/ | https://mistral.ai/fr/news/our-contribution-to-a-global-environmental-standard-for-ai/ | https://mistral.ai/fr/news/physics-ai-research/ | https://mistral.ai/fr/news/pixtral-12b/ | https://mistral.ai/fr/news/pixtral-large/ | https://mistral.ai/fr/news/rails-testing-on-autopilot-building-an-agent-that-writes-what-developers-wont/ | https://mistral.ai/fr/news/search-toolkit/ | https://mistral.ai/fr/news/september-24-release/ | https://mistral.ai/fr/news/unlocking-potential-vision-language-models-satellite-imagery-fine-tuning/ | https://mistral.ai/fr/news/vibe-agent/ | https://mistral.ai/fr/news/vibe-remote-agents-mistral-medium-3-5/ | https://mistral.ai/fr/news/voxtral-transcribe-2/ | https://mistral.ai/fr/news/voxtral-tts/ | https://mistral.ai/fr/news/voxtral/ | https://mistral.ai/fr/news/workflows/ | https://mistral.ai/fr/partners/ | https://mistral.ai/fr/pricing/ | https://mistral.ai/fr/products/ | https://mistral.ai/fr/products/compute/ | https://mistral.ai/fr/products/forge/ | https://mistral.ai/fr/products/studio/ | https://mistral.ai/fr/products/vibe/ | https://mistral.ai/fr/products/vibe/code/ | https://mistral.ai/fr/report/ | https://mistral.ai/fr/services/ | https://mistral.ai/fr/solutions/ | https://mistral.ai/fr/solutions/coding/ | https://mistral.ai/fr/solutions/custom-model-training/ | https://mistral.ai/fr/solutions/document-ai/ | https://mistral.ai/fr/solutions/speech/ | https://mistral.ai/industry/ | https://mistral.ai/industry/finance/ | https://mistral.ai/industry/manufacturing/ | https://mistral.ai/industry/public-sector/ | https://mistral.ai/it/ | https://mistral.ai/it/about/ | https://mistral.ai/it/brand/ | https://mistral.ai/it/careers/ | https://mistral.ai/it/contact/ | https://mistral.ai/it/customers/ | https://mistral.ai/it/customers/airbus/ | https://mistral.ai/it/customers/ardian/ | https://mistral.ai/it/customers/asml/ | https://mistral.ai/it/customers/austrian-academy-of-sciences/ | https://mistral.ai/it/customers/axa/ | https://mistral.ai/it/customers/belfius/ | https://mistral.ai/it/customers/bigdatacorp/ | https://mistral.ai/it/customers/bmw/ | https://mistral.ai/it/customers/bnp-paribas-quote-as-feature/ | https://mistral.ai/it/customers/bnp-paribas/ | https://mistral.ai/it/customers/brave/ | https://mistral.ai/it/customers/capgemini/ | https://mistral.ai/it/customers/cisco/ | https://mistral.ai/it/customers/cloudflare/ | https://mistral.ai/it/customers/cma-cgm/ | https://mistral.ai/it/customers/dso/ | https://mistral.ai/it/customers/epo/ | https://mistral.ai/it/customers/ericsson/ | https://mistral.ai/it/customers/fastweb/ | https://mistral.ai/it/customers/france-travail/ | https://mistral.ai/it/customers/french-ministry-of-defense/ | https://mistral.ai/it/customers/french-ministry-of-digital-transition/ | https://mistral.ai/it/customers/front/ | https://mistral.ai/it/customers/gojob/ | https://mistral.ai/it/customers/government-of-luxembourg/ | https://mistral.ai/it/customers/harvey/ | https://mistral.ai/it/customers/helsing/ | https://mistral.ai/it/customers/hsbc/ | https://mistral.ai/it/customers/htx/ | https://mistral.ai/it/customers/hugging-face/ | https://mistral.ai/it/customers/ibm/ | https://mistral.ai/it/customers/knowunity/ | https://mistral.ai/it/customers/lamini/ | https://mistral.ai/it/customers/lindy/ | https://mistral.ai/it/customers/mars/ | https://mistral.ai/it/customers/ministry-of-high-tech-industry-of-armenia/ | https://mistral.ai/it/customers/mirakl/ | https://mistral.ai/it/customers/mongodb/ | https://mistral.ai/it/customers/octoai/ | https://mistral.ai/it/customers/orange/ | https://mistral.ai/it/customers/pierre-fabre/ | https://mistral.ai/it/customers/pretto/ | https://mistral.ai/it/customers/qonto/ | https://mistral.ai/it/customers/quora/ | https://mistral.ai/it/customers/sap/ | https://mistral.ai/it/customers/singapores-ministry-of-defence-mindef/ | https://mistral.ai/it/customers/sncf/ | https://mistral.ai/it/customers/snowflake/ | https://mistral.ai/it/customers/stellantis/ | https://mistral.ai/it/customers/superinsight/ | https://mistral.ai/it/customers/synapse-medicine/ | https://mistral.ai/it/customers/totalenergies/ | https://mistral.ai/it/customers/university-of-groningen/ | https://mistral.ai/it/customers/veolia/ | https://mistral.ai/it/customers/zalando/ | https://mistral.ai/it/error/ | https://mistral.ai/it/industry/ | https://mistral.ai/it/industry/finance/ | https://mistral.ai/it/industry/manufacturing/ | https://mistral.ai/it/industry/public-sector/ | https://mistral.ai/it/legal/ | https://mistral.ai/it/legal/child-abuse/ | https://mistral.ai/it/license-mistral-ai-models-for-nvidia-inference-microservices/ | https://mistral.ai/it/models/ | https://mistral.ai/it/news/ | https://mistral.ai/it/news/2024-ft-hackathon/ | https://mistral.ai/it/news/about-mistral-ai/ | https://mistral.ai/it/news/accelerate-ai-native-industry/ | https://mistral.ai/it/news/agentic-workflows-from-meetings-to-dev-tickets/ | https://mistral.ai/it/news/agents-api/ | https://mistral.ai/it/news/ai-for-citizens/ | https://mistral.ai/it/news/ai-now-summit-2026/ | https://mistral.ai/it/news/ai-studio/ | https://mistral.ai/it/news/all-new-le-chat/ | https://mistral.ai/it/news/announcing-mistral-7b/ | https://mistral.ai/it/news/batch-api/ | https://mistral.ai/it/news/build-tweak-repeat/ | https://mistral.ai/it/news/codestral-25-08/ | https://mistral.ai/it/news/codestral-2501/ | https://mistral.ai/it/news/codestral-embed/ | https://mistral.ai/it/news/codestral-mamba/ | https://mistral.ai/it/news/codestral/ | https://mistral.ai/it/news/connectors/ | https://mistral.ai/it/news/customization/ | https://mistral.ai/it/news/debugging-memory-leak-in-vllm/ | https://mistral.ai/it/news/devstral-2-vibe-cli/ | https://mistral.ai/it/news/devstral-2507/ | https://mistral.ai/it/news/devstral/ | https://mistral.ai/it/news/forge/ | https://mistral.ai/it/news/introducing-physics-ai-at-mistral/ | https://mistral.ai/it/news/ki-fur-deutschland/ | https://mistral.ai/it/news/la-plateforme/ | https://mistral.ai/it/news/le-chat-dives-deep/ | https://mistral.ai/it/news/le-chat-enterprise/ | https://mistral.ai/it/news/le-chat-mcp-connectors-memories/ | https://mistral.ai/it/news/le-chat-mistral/ | https://mistral.ai/it/news/leanstral/ | https://mistral.ai/it/news/llm-as-rag-judge/ | https://mistral.ai/it/news/magistral/ | https://mistral.ai/it/news/mathstral/ | https://mistral.ai/it/news/memory/ | https://mistral.ai/it/news/ministraux/ | https://mistral.ai/it/news/mistral-3/ | https://mistral.ai/it/news/mistral-afp/ | https://mistral.ai/it/news/mistral-ai-and-nvidia-partner-to-accelerate-open-frontier-models/ | https://mistral.ai/it/news/mistral-ai-non-production-license-mnpl/ | https://mistral.ai/it/news/mistral-ai-raises-1-7-b-to-accelerate-technological-progress-with-ai/ | https://mistral.ai/it/news/mistral-chat/ | https://mistral.ai/it/news/mistral-code/ | https://mistral.ai/it/news/mistral-compute/ | https://mistral.ai/it/news/mistral-large-2407/ | https://mistral.ai/it/news/mistral-large/ | https://mistral.ai/it/news/mistral-medium-3/ | https://mistral.ai/it/news/mistral-moderation/ | https://mistral.ai/it/news/mistral-nemo/ | https://mistral.ai/it/news/mistral-ocr-3/ | https://mistral.ai/it/news/mistral-ocr/ | https://mistral.ai/it/news/mistral-saba/ | https://mistral.ai/it/news/mistral-small-3-1/ | https://mistral.ai/it/news/mistral-small-3/ | https://mistral.ai/it/news/mistral-small-4/ | https://mistral.ai/it/news/mistral-vibe-2-0/ | https://mistral.ai/it/news/mixtral-8x22b/ | https://mistral.ai/it/news/mixtral-of-experts/ | https://mistral.ai/it/news/ocr-4/ | https://mistral.ai/it/news/our-contribution-to-a-global-environmental-standard-for-ai/ | https://mistral.ai/it/news/physics-ai-research/ | https://mistral.ai/it/news/pixtral-12b/ | https://mistral.ai/it/news/pixtral-large/ | https://mistral.ai/it/news/rails-testing-on-autopilot-building-an-agent-that-writes-what-developers-wont/ | https://mistral.ai/it/news/search-toolkit/ | https://mistral.ai/it/news/september-24-release/ | https://mistral.ai/it/news/unlocking-potential-vision-language-models-satellite-imagery-fine-tuning/ | https://mistral.ai/it/news/vibe-agent/ | https://mistral.ai/it/news/vibe-remote-agents-mistral-medium-3-5/ | https://mistral.ai/it/news/voxtral-transcribe-2/ | https://mistral.ai/it/news/voxtral-tts/ | https://mistral.ai/it/news/voxtral/ | https://mistral.ai/it/news/workflows/ | https://mistral.ai/it/partners/ | https://mistral.ai/it/pricing/ | https://mistral.ai/it/products/ | https://mistral.ai/it/products/compute/ | https://mistral.ai/it/products/forge/ | https://mistral.ai/it/products/studio/ | https://mistral.ai/it/products/vibe/ | https://mistral.ai/it/products/vibe/code/ | https://mistral.ai/it/report/ | https://mistral.ai/it/services/ | https://mistral.ai/it/solutions/ | https://mistral.ai/it/solutions/coding/ | https://mistral.ai/it/solutions/custom-model-training/ | https://mistral.ai/it/solutions/document-ai/ | https://mistral.ai/it/solutions/speech/ | https://mistral.ai/legal/ | https://mistral.ai/legal/child-abuse/ | https://mistral.ai/license-mistral-ai-models-for-nvidia-inference-microservices/ | https://mistral.ai/models/ | https://mistral.ai/news/ | https://mistral.ai/news/2024-ft-hackathon/ | https://mistral.ai/news/about-mistral-ai/ | https://mistral.ai/news/accelerate-ai-native-industry/ | https://mistral.ai/news/agentic-workflows-from-meetings-to-dev-tickets/ | https://mistral.ai/news/agents-api/ | https://mistral.ai/news/ai-for-citizens/ | https://mistral.ai/news/ai-now-summit-2026/ | https://mistral.ai/news/ai-studio/ | https://mistral.ai/news/all-new-le-chat/ | https://mistral.ai/news/announcing-mistral-7b/ | https://mistral.ai/news/batch-api/ | https://mistral.ai/news/build-tweak-repeat/ | https://mistral.ai/news/codestral-25-08/ | https://mistral.ai/news/codestral-2501/ | https://mistral.ai/news/codestral-embed/ | https://mistral.ai/news/codestral-mamba/ | https://mistral.ai/news/codestral/ | https://mistral.ai/news/connectors/ | https://mistral.ai/news/customization/ | https://mistral.ai/news/debugging-memory-leak-in-vllm/ | https://mistral.ai/news/devstral-2-vibe-cli/ | https://mistral.ai/news/devstral-2507/ | https://mistral.ai/news/devstral/ | https://mistral.ai/news/forge/ | https://mistral.ai/news/introducing-physics-ai-at-mistral/ | https://mistral.ai/news/ki-fur-deutschland/ | https://mistral.ai/news/la-plateforme/ | https://mistral.ai/news/le-chat-dives-deep/ | https://mistral.ai/news/le-chat-enterprise/ | https://mistral.ai/news/le-chat-mcp-connectors-memories/ | https://mistral.ai/news/le-chat-mistral/ | https://mistral.ai/news/leanstral/ | https://mistral.ai/news/llm-as-rag-judge/ | https://mistral.ai/news/magistral/ | https://mistral.ai/news/mathstral/ | https://mistral.ai/news/memory/ | https://mistral.ai/news/ministraux/ | https://mistral.ai/news/mistral-3/ | https://mistral.ai/news/mistral-afp/ | https://mistral.ai/news/mistral-ai-and-nvidia-partner-to-accelerate-open-frontier-models/ | https://mistral.ai/news/mistral-ai-non-production-license-mnpl/ | https://mistral.ai/news/mistral-ai-raises-1-7-b-to-accelerate-technological-progress-with-ai/ | https://mistral.ai/news/mistral-chat/ | https://mistral.ai/news/mistral-code/ | https://mistral.ai/news/mistral-compute/ | https://mistral.ai/news/mistral-large-2407/ | https://mistral.ai/news/mistral-large/ | https://mistral.ai/news/mistral-medium-3/ | https://mistral.ai/news/mistral-moderation/ | https://mistral.ai/news/mistral-nemo/ | https://mistral.ai/news/mistral-ocr-3/ | https://mistral.ai/news/mistral-ocr/ | https://mistral.ai/news/mistral-saba/ | https://mistral.ai/news/mistral-small-3-1/ | https://mistral.ai/news/mistral-small-3/ | https://mistral.ai/news/mistral-small-4/ | https://mistral.ai/news/mistral-vibe-2-0/ | https://mistral.ai/news/mixtral-8x22b/ | https://mistral.ai/news/mixtral-of-experts/ | https://mistral.ai/news/ocr-4/ | https://mistral.ai/news/our-contribution-to-a-global-environmental-standard-for-ai/ | https://mistral.ai/news/physics-ai-research/ | https://mistral.ai/news/pixtral-12b/ | https://mistral.ai/news/pixtral-large/ | https://mistral.ai/news/rails-testing-on-autopilot-building-an-agent-that-writes-what-developers-wont/ | https://mistral.ai/news/search-toolkit/ | https://mistral.ai/news/september-24-release/ | https://mistral.ai/news/unlocking-potential-vision-language-models-satellite-imagery-fine-tuning/ | https://mistral.ai/news/vibe-agent/ | https://mistral.ai/news/vibe-remote-agents-mistral-medium-3-5/ | https://mistral.ai/news/voxtral-transcribe-2/ | https://mistral.ai/news/voxtral-tts/ | https://mistral.ai/news/voxtral/ | https://mistral.ai/news/workflows/ | https://mistral.ai/partners/ | https://mistral.ai/preview/ | https://mistral.ai/pricing/ | https://mistral.ai/products/ | https://mistral.ai/products/compute/ | https://mistral.ai/products/forge/ | https://mistral.ai/products/studio/ | https://mistral.ai/products/vibe/ | https://mistral.ai/products/vibe/code/ | https://mistral.ai/report/ | https://mistral.ai/services/ | https://mistral.ai/solutions/ | https://mistral.ai/solutions/coding/ | https://mistral.ai/solutions/custom-model-training/ | https://mistral.ai/solutions/document-ai/ | https://mistral.ai/solutions/speech/,c0aedb861efc7c0ad9faaeb17176fc1c1cab4d1a70aa3bcc06812450977ba04a,4427
ui-sprites,source/ui/icon-m-lightbulb.svg,https://mistral.ai/cms-media/api/media/file/icon-m-lightbulb.svg,https://mistral.ai/ | https://mistral.ai/fr/ | https://mistral.ai/it/ | https://mistral.ai/preview/,06fa215246acc4cb528e5d58f22192f430748aab81b8f83b402ce59d4896b4c4,7266
ui-sprites,source/ui/icon-m-microphone.svg,https://mistral.ai/cms-media/api/media/file/icon-m-microphone.svg,https://mistral.ai/ | https://mistral.ai/about/ | https://mistral.ai/brand/ | https://mistral.ai/careers/ | https://mistral.ai/contact/ | https://mistral.ai/customers/ | https://mistral.ai/customers/airbus/ | https://mistral.ai/customers/ardian/ | https://mistral.ai/customers/asml/ | https://mistral.ai/customers/austrian-academy-of-sciences/ | https://mistral.ai/customers/axa/ | https://mistral.ai/customers/belfius/ | https://mistral.ai/customers/bigdatacorp/ | https://mistral.ai/customers/bmw/ | https://mistral.ai/customers/bnp-paribas-quote-as-feature/ | https://mistral.ai/customers/bnp-paribas/ | https://mistral.ai/customers/brave/ | https://mistral.ai/customers/capgemini/ | https://mistral.ai/customers/cisco/ | https://mistral.ai/customers/cloudflare/ | https://mistral.ai/customers/cma-cgm/ | https://mistral.ai/customers/dso/ | https://mistral.ai/customers/epo/ | https://mistral.ai/customers/ericsson/ | https://mistral.ai/customers/fastweb/ | https://mistral.ai/customers/france-travail/ | https://mistral.ai/customers/french-ministry-of-defense/ | https://mistral.ai/customers/french-ministry-of-digital-transition/ | https://mistral.ai/customers/front/ | https://mistral.ai/customers/gojob/ | https://mistral.ai/customers/government-of-luxembourg/ | https://mistral.ai/customers/harvey/ | https://mistral.ai/customers/helsing/ | https://mistral.ai/customers/hsbc/ | https://mistral.ai/customers/htx/ | https://mistral.ai/customers/hugging-face/ | https://mistral.ai/customers/ibm/ | https://mistral.ai/customers/knowunity/ | https://mistral.ai/customers/lamini/ | https://mistral.ai/customers/lindy/ | https://mistral.ai/customers/mars/ | https://mistral.ai/customers/ministry-of-high-tech-industry-of-armenia/ | https://mistral.ai/customers/mirakl/ | https://mistral.ai/customers/mongodb/ | https://mistral.ai/customers/octoai/ | https://mistral.ai/customers/orange/ | https://mistral.ai/customers/pierre-fabre/ | https://mistral.ai/customers/pretto/ | https://mistral.ai/customers/qonto/ | https://mistral.ai/customers/quora/ | https://mistral.ai/customers/sap/ | https://mistral.ai/customers/singapores-ministry-of-defence-mindef/ | https://mistral.ai/customers/sncf/ | https://mistral.ai/customers/snowflake/ | https://mistral.ai/customers/stellantis/ | https://mistral.ai/customers/superinsight/ | https://mistral.ai/customers/synapse-medicine/ | https://mistral.ai/customers/totalenergies/ | https://mistral.ai/customers/university-of-groningen/ | https://mistral.ai/customers/veolia/ | https://mistral.ai/customers/zalando/ | https://mistral.ai/debug/ | https://mistral.ai/error/ | https://mistral.ai/fr/ | https://mistral.ai/fr/about/ | https://mistral.ai/fr/brand/ | https://mistral.ai/fr/careers/ | https://mistral.ai/fr/contact/ | https://mistral.ai/fr/customers/ | https://mistral.ai/fr/customers/airbus/ | https://mistral.ai/fr/customers/ardian/ | https://mistral.ai/fr/customers/asml/ | https://mistral.ai/fr/customers/austrian-academy-of-sciences/ | https://mistral.ai/fr/customers/axa/ | https://mistral.ai/fr/customers/belfius/ | https://mistral.ai/fr/customers/bigdatacorp/ | https://mistral.ai/fr/customers/bmw/ | https://mistral.ai/fr/customers/bnp-paribas-quote-as-feature/ | https://mistral.ai/fr/customers/bnp-paribas/ | https://mistral.ai/fr/customers/brave/ | https://mistral.ai/fr/customers/capgemini/ | https://mistral.ai/fr/customers/cisco/ | https://mistral.ai/fr/customers/cloudflare/ | https://mistral.ai/fr/customers/cma-cgm/ | https://mistral.ai/fr/customers/dso/ | https://mistral.ai/fr/customers/epo/ | https://mistral.ai/fr/customers/ericsson/ | https://mistral.ai/fr/customers/fastweb/ | https://mistral.ai/fr/customers/france-travail/ | https://mistral.ai/fr/customers/french-ministry-of-defense/ | https://mistral.ai/fr/customers/french-ministry-of-digital-transition/ | https://mistral.ai/fr/customers/front/ | https://mistral.ai/fr/customers/gojob/ | https://mistral.ai/fr/customers/government-of-luxembourg/ | https://mistral.ai/fr/customers/harvey/ | https://mistral.ai/fr/customers/helsing/ | https://mistral.ai/fr/customers/hsbc/ | https://mistral.ai/fr/customers/htx/ | https://mistral.ai/fr/customers/hugging-face/ | https://mistral.ai/fr/customers/ibm/ | https://mistral.ai/fr/customers/knowunity/ | https://mistral.ai/fr/customers/lamini/ | https://mistral.ai/fr/customers/lindy/ | https://mistral.ai/fr/customers/mars/ | https://mistral.ai/fr/customers/ministry-of-high-tech-industry-of-armenia/ | https://mistral.ai/fr/customers/mirakl/ | https://mistral.ai/fr/customers/mongodb/ | https://mistral.ai/fr/customers/octoai/ | https://mistral.ai/fr/customers/orange/ | https://mistral.ai/fr/customers/pierre-fabre/ | https://mistral.ai/fr/customers/pretto/ | https://mistral.ai/fr/customers/qonto/ | https://mistral.ai/fr/customers/quora/ | https://mistral.ai/fr/customers/sap/ | https://mistral.ai/fr/customers/singapores-ministry-of-defence-mindef/ | https://mistral.ai/fr/customers/sncf/ | https://mistral.ai/fr/customers/snowflake/ | https://mistral.ai/fr/customers/stellantis/ | https://mistral.ai/fr/customers/superinsight/ | https://mistral.ai/fr/customers/synapse-medicine/ | https://mistral.ai/fr/customers/totalenergies/ | https://mistral.ai/fr/customers/university-of-groningen/ | https://mistral.ai/fr/customers/veolia/ | https://mistral.ai/fr/customers/zalando/ | https://mistral.ai/fr/error/ | https://mistral.ai/fr/industry/ | https://mistral.ai/fr/industry/finance/ | https://mistral.ai/fr/industry/manufacturing/ | https://mistral.ai/fr/industry/public-sector/ | https://mistral.ai/fr/legal/ | https://mistral.ai/fr/legal/child-abuse/ | https://mistral.ai/fr/license-mistral-ai-models-for-nvidia-inference-microservices/ | https://mistral.ai/fr/models/ | https://mistral.ai/fr/news/ | https://mistral.ai/fr/news/2024-ft-hackathon/ | https://mistral.ai/fr/news/about-mistral-ai/ | https://mistral.ai/fr/news/accelerate-ai-native-industry/ | https://mistral.ai/fr/news/agentic-workflows-from-meetings-to-dev-tickets/ | https://mistral.ai/fr/news/agents-api/ | https://mistral.ai/fr/news/ai-for-citizens/ | https://mistral.ai/fr/news/ai-now-summit-2026/ | https://mistral.ai/fr/news/ai-studio/ | https://mistral.ai/fr/news/all-new-le-chat/ | https://mistral.ai/fr/news/announcing-mistral-7b/ | https://mistral.ai/fr/news/batch-api/ | https://mistral.ai/fr/news/build-tweak-repeat/ | https://mistral.ai/fr/news/codestral-25-08/ | https://mistral.ai/fr/news/codestral-2501/ | https://mistral.ai/fr/news/codestral-embed/ | https://mistral.ai/fr/news/codestral-mamba/ | https://mistral.ai/fr/news/codestral/ | https://mistral.ai/fr/news/connectors/ | https://mistral.ai/fr/news/customization/ | https://mistral.ai/fr/news/debugging-memory-leak-in-vllm/ | https://mistral.ai/fr/news/devstral-2-vibe-cli/ | https://mistral.ai/fr/news/devstral-2507/ | https://mistral.ai/fr/news/devstral/ | https://mistral.ai/fr/news/forge/ | https://mistral.ai/fr/news/introducing-physics-ai-at-mistral/ | https://mistral.ai/fr/news/ki-fur-deutschland/ | https://mistral.ai/fr/news/la-plateforme/ | https://mistral.ai/fr/news/le-chat-dives-deep/ | https://mistral.ai/fr/news/le-chat-enterprise/ | https://mistral.ai/fr/news/le-chat-mcp-connectors-memories/ | https://mistral.ai/fr/news/le-chat-mistral/ | https://mistral.ai/fr/news/leanstral/ | https://mistral.ai/fr/news/llm-as-rag-judge/ | https://mistral.ai/fr/news/magistral/ | https://mistral.ai/fr/news/mathstral/ | https://mistral.ai/fr/news/memory/ | https://mistral.ai/fr/news/ministraux/ | https://mistral.ai/fr/news/mistral-3/ | https://mistral.ai/fr/news/mistral-afp/ | https://mistral.ai/fr/news/mistral-ai-and-nvidia-partner-to-accelerate-open-frontier-models/ | https://mistral.ai/fr/news/mistral-ai-non-production-license-mnpl/ | https://mistral.ai/fr/news/mistral-ai-raises-1-7-b-to-accelerate-technological-progress-with-ai/ | https://mistral.ai/fr/news/mistral-chat/ | https://mistral.ai/fr/news/mistral-code/ | https://mistral.ai/fr/news/mistral-compute/ | https://mistral.ai/fr/news/mistral-large-2407/ | https://mistral.ai/fr/news/mistral-large/ | https://mistral.ai/fr/news/mistral-medium-3/ | https://mistral.ai/fr/news/mistral-moderation/ | https://mistral.ai/fr/news/mistral-nemo/ | https://mistral.ai/fr/news/mistral-ocr-3/ | https://mistral.ai/fr/news/mistral-ocr/ | https://mistral.ai/fr/news/mistral-saba/ | https://mistral.ai/fr/news/mistral-small-3-1/ | https://mistral.ai/fr/news/mistral-small-3/ | https://mistral.ai/fr/news/mistral-small-4/ | https://mistral.ai/fr/news/mistral-vibe-2-0/ | https://mistral.ai/fr/news/mixtral-8x22b/ | https://mistral.ai/fr/news/mixtral-of-experts/ | https://mistral.ai/fr/news/ocr-4/ | https://mistral.ai/fr/news/our-contribution-to-a-global-environmental-standard-for-ai/ | https://mistral.ai/fr/news/physics-ai-research/ | https://mistral.ai/fr/news/pixtral-12b/ | https://mistral.ai/fr/news/pixtral-large/ | https://mistral.ai/fr/news/rails-testing-on-autopilot-building-an-agent-that-writes-what-developers-wont/ | https://mistral.ai/fr/news/search-toolkit/ | https://mistral.ai/fr/news/september-24-release/ | https://mistral.ai/fr/news/unlocking-potential-vision-language-models-satellite-imagery-fine-tuning/ | https://mistral.ai/fr/news/vibe-agent/ | https://mistral.ai/fr/news/vibe-remote-agents-mistral-medium-3-5/ | https://mistral.ai/fr/news/voxtral-transcribe-2/ | https://mistral.ai/fr/news/voxtral-tts/ | https://mistral.ai/fr/news/voxtral/ | https://mistral.ai/fr/news/workflows/ | https://mistral.ai/fr/partners/ | https://mistral.ai/fr/pricing/ | https://mistral.ai/fr/products/ | https://mistral.ai/fr/products/compute/ | https://mistral.ai/fr/products/forge/ | https://mistral.ai/fr/products/studio/ | https://mistral.ai/fr/products/vibe/ | https://mistral.ai/fr/products/vibe/code/ | https://mistral.ai/fr/report/ | https://mistral.ai/fr/services/ | https://mistral.ai/fr/solutions/ | https://mistral.ai/fr/solutions/coding/ | https://mistral.ai/fr/solutions/custom-model-training/ | https://mistral.ai/fr/solutions/document-ai/ | https://mistral.ai/fr/solutions/speech/ | https://mistral.ai/industry/ | https://mistral.ai/industry/finance/ | https://mistral.ai/industry/manufacturing/ | https://mistral.ai/industry/public-sector/ | https://mistral.ai/it/ | https://mistral.ai/it/about/ | https://mistral.ai/it/brand/ | https://mistral.ai/it/careers/ | https://mistral.ai/it/contact/ | https://mistral.ai/it/customers/ | https://mistral.ai/it/customers/airbus/ | https://mistral.ai/it/customers/ardian/ | https://mistral.ai/it/customers/asml/ | https://mistral.ai/it/customers/austrian-academy-of-sciences/ | https://mistral.ai/it/customers/axa/ | https://mistral.ai/it/customers/belfius/ | https://mistral.ai/it/customers/bigdatacorp/ | https://mistral.ai/it/customers/bmw/ | https://mistral.ai/it/customers/bnp-paribas-quote-as-feature/ | https://mistral.ai/it/customers/bnp-paribas/ | https://mistral.ai/it/customers/brave/ | https://mistral.ai/it/customers/capgemini/ | https://mistral.ai/it/customers/cisco/ | https://mistral.ai/it/customers/cloudflare/ | https://mistral.ai/it/customers/cma-cgm/ | https://mistral.ai/it/customers/dso/ | https://mistral.ai/it/customers/epo/ | https://mistral.ai/it/customers/ericsson/ | https://mistral.ai/it/customers/fastweb/ | https://mistral.ai/it/customers/france-travail/ | https://mistral.ai/it/customers/french-ministry-of-defense/ | https://mistral.ai/it/customers/french-ministry-of-digital-transition/ | https://mistral.ai/it/customers/front/ | https://mistral.ai/it/customers/gojob/ | https://mistral.ai/it/customers/government-of-luxembourg/ | https://mistral.ai/it/customers/harvey/ | https://mistral.ai/it/customers/helsing/ | https://mistral.ai/it/customers/hsbc/ | https://mistral.ai/it/customers/htx/ | https://mistral.ai/it/customers/hugging-face/ | https://mistral.ai/it/customers/ibm/ | https://mistral.ai/it/customers/knowunity/ | https://mistral.ai/it/customers/lamini/ | https://mistral.ai/it/customers/lindy/ | https://mistral.ai/it/customers/mars/ | https://mistral.ai/it/customers/ministry-of-high-tech-industry-of-armenia/ | https://mistral.ai/it/customers/mirakl/ | https://mistral.ai/it/customers/mongodb/ | https://mistral.ai/it/customers/octoai/ | https://mistral.ai/it/customers/orange/ | https://mistral.ai/it/customers/pierre-fabre/ | https://mistral.ai/it/customers/pretto/ | https://mistral.ai/it/customers/qonto/ | https://mistral.ai/it/customers/quora/ | https://mistral.ai/it/customers/sap/ | https://mistral.ai/it/customers/singapores-ministry-of-defence-mindef/ | https://mistral.ai/it/customers/sncf/ | https://mistral.ai/it/customers/snowflake/ | https://mistral.ai/it/customers/stellantis/ | https://mistral.ai/it/customers/superinsight/ | https://mistral.ai/it/customers/synapse-medicine/ | https://mistral.ai/it/customers/totalenergies/ | https://mistral.ai/it/customers/university-of-groningen/ | https://mistral.ai/it/customers/veolia/ | https://mistral.ai/it/customers/zalando/ | https://mistral.ai/it/error/ | https://mistral.ai/it/industry/ | https://mistral.ai/it/industry/finance/ | https://mistral.ai/it/industry/manufacturing/ | https://mistral.ai/it/industry/public-sector/ | https://mistral.ai/it/legal/ | https://mistral.ai/it/legal/child-abuse/ | https://mistral.ai/it/license-mistral-ai-models-for-nvidia-inference-microservices/ | https://mistral.ai/it/models/ | https://mistral.ai/it/news/ | https://mistral.ai/it/news/2024-ft-hackathon/ | https://mistral.ai/it/news/about-mistral-ai/ | https://mistral.ai/it/news/accelerate-ai-native-industry/ | https://mistral.ai/it/news/agentic-workflows-from-meetings-to-dev-tickets/ | https://mistral.ai/it/news/agents-api/ | https://mistral.ai/it/news/ai-for-citizens/ | https://mistral.ai/it/news/ai-now-summit-2026/ | https://mistral.ai/it/news/ai-studio/ | https://mistral.ai/it/news/all-new-le-chat/ | https://mistral.ai/it/news/announcing-mistral-7b/ | https://mistral.ai/it/news/batch-api/ | https://mistral.ai/it/news/build-tweak-repeat/ | https://mistral.ai/it/news/codestral-25-08/ | https://mistral.ai/it/news/codestral-2501/ | https://mistral.ai/it/news/codestral-embed/ | https://mistral.ai/it/news/codestral-mamba/ | https://mistral.ai/it/news/codestral/ | https://mistral.ai/it/news/connectors/ | https://mistral.ai/it/news/customization/ | https://mistral.ai/it/news/debugging-memory-leak-in-vllm/ | https://mistral.ai/it/news/devstral-2-vibe-cli/ | https://mistral.ai/it/news/devstral-2507/ | https://mistral.ai/it/news/devstral/ | https://mistral.ai/it/news/forge/ | https://mistral.ai/it/news/introducing-physics-ai-at-mistral/ | https://mistral.ai/it/news/ki-fur-deutschland/ | https://mistral.ai/it/news/la-plateforme/ | https://mistral.ai/it/news/le-chat-dives-deep/ | https://mistral.ai/it/news/le-chat-enterprise/ | https://mistral.ai/it/news/le-chat-mcp-connectors-memories/ | https://mistral.ai/it/news/le-chat-mistral/ | https://mistral.ai/it/news/leanstral/ | https://mistral.ai/it/news/llm-as-rag-judge/ | https://mistral.ai/it/news/magistral/ | https://mistral.ai/it/news/mathstral/ | https://mistral.ai/it/news/memory/ | https://mistral.ai/it/news/ministraux/ | https://mistral.ai/it/news/mistral-3/ | https://mistral.ai/it/news/mistral-afp/ | https://mistral.ai/it/news/mistral-ai-and-nvidia-partner-to-accelerate-open-frontier-models/ | https://mistral.ai/it/news/mistral-ai-non-production-license-mnpl/ | https://mistral.ai/it/news/mistral-ai-raises-1-7-b-to-accelerate-technological-progress-with-ai/ | https://mistral.ai/it/news/mistral-chat/ | https://mistral.ai/it/news/mistral-code/ | https://mistral.ai/it/news/mistral-compute/ | https://mistral.ai/it/news/mistral-large-2407/ | https://mistral.ai/it/news/mistral-large/ | https://mistral.ai/it/news/mistral-medium-3/ | https://mistral.ai/it/news/mistral-moderation/ | https://mistral.ai/it/news/mistral-nemo/ | https://mistral.ai/it/news/mistral-ocr-3/ | https://mistral.ai/it/news/mistral-ocr/ | https://mistral.ai/it/news/mistral-saba/ | https://mistral.ai/it/news/mistral-small-3-1/ | https://mistral.ai/it/news/mistral-small-3/ | https://mistral.ai/it/news/mistral-small-4/ | https://mistral.ai/it/news/mistral-vibe-2-0/ | https://mistral.ai/it/news/mixtral-8x22b/ | https://mistral.ai/it/news/mixtral-of-experts/ | https://mistral.ai/it/news/ocr-4/ | https://mistral.ai/it/news/our-contribution-to-a-global-environmental-standard-for-ai/ | https://mistral.ai/it/news/physics-ai-research/ | https://mistral.ai/it/news/pixtral-12b/ | https://mistral.ai/it/news/pixtral-large/ | https://mistral.ai/it/news/rails-testing-on-autopilot-building-an-agent-that-writes-what-developers-wont/ | https://mistral.ai/it/news/search-toolkit/ | https://mistral.ai/it/news/september-24-release/ | https://mistral.ai/it/news/unlocking-potential-vision-language-models-satellite-imagery-fine-tuning/ | https://mistral.ai/it/news/vibe-agent/ | https://mistral.ai/it/news/vibe-remote-agents-mistral-medium-3-5/ | https://mistral.ai/it/news/voxtral-transcribe-2/ | https://mistral.ai/it/news/voxtral-tts/ | https://mistral.ai/it/news/voxtral/ | https://mistral.ai/it/news/workflows/ | https://mistral.ai/it/partners/ | https://mistral.ai/it/pricing/ | https://mistral.ai/it/products/ | https://mistral.ai/it/products/compute/ | https://mistral.ai/it/products/forge/ | https://mistral.ai/it/products/studio/ | https://mistral.ai/it/products/vibe/ | https://mistral.ai/it/products/vibe/code/ | https://mistral.ai/it/report/ | https://mistral.ai/it/services/ | https://mistral.ai/it/solutions/ | https://mistral.ai/it/solutions/coding/ | https://mistral.ai/it/solutions/custom-model-training/ | https://mistral.ai/it/solutions/document-ai/ | https://mistral.ai/it/solutions/speech/ | https://mistral.ai/legal/ | https://mistral.ai/legal/child-abuse/ | https://mistral.ai/license-mistral-ai-models-for-nvidia-inference-microservices/ | https://mistral.ai/models/ | https://mistral.ai/news/ | https://mistral.ai/news/2024-ft-hackathon/ | https://mistral.ai/news/about-mistral-ai/ | https://mistral.ai/news/accelerate-ai-native-industry/ | https://mistral.ai/news/agentic-workflows-from-meetings-to-dev-tickets/ | https://mistral.ai/news/agents-api/ | https://mistral.ai/news/ai-for-citizens/ | https://mistral.ai/news/ai-now-summit-2026/ | https://mistral.ai/news/ai-studio/ | https://mistral.ai/news/all-new-le-chat/ | https://mistral.ai/news/announcing-mistral-7b/ | https://mistral.ai/news/batch-api/ | https://mistral.ai/news/build-tweak-repeat/ | https://mistral.ai/news/codestral-25-08/ | https://mistral.ai/news/codestral-2501/ | https://mistral.ai/news/codestral-embed/ | https://mistral.ai/news/codestral-mamba/ | https://mistral.ai/news/codestral/ | https://mistral.ai/news/connectors/ | https://mistral.ai/news/customization/ | https://mistral.ai/news/debugging-memory-leak-in-vllm/ | https://mistral.ai/news/devstral-2-vibe-cli/ | https://mistral.ai/news/devstral-2507/ | https://mistral.ai/news/devstral/ | https://mistral.ai/news/forge/ | https://mistral.ai/news/introducing-physics-ai-at-mistral/ | https://mistral.ai/news/ki-fur-deutschland/ | https://mistral.ai/news/la-plateforme/ | https://mistral.ai/news/le-chat-dives-deep/ | https://mistral.ai/news/le-chat-enterprise/ | https://mistral.ai/news/le-chat-mcp-connectors-memories/ | https://mistral.ai/news/le-chat-mistral/ | https://mistral.ai/news/leanstral/ | https://mistral.ai/news/llm-as-rag-judge/ | https://mistral.ai/news/magistral/ | https://mistral.ai/news/mathstral/ | https://mistral.ai/news/memory/ | https://mistral.ai/news/ministraux/ | https://mistral.ai/news/mistral-3/ | https://mistral.ai/news/mistral-afp/ | https://mistral.ai/news/mistral-ai-and-nvidia-partner-to-accelerate-open-frontier-models/ | https://mistral.ai/news/mistral-ai-non-production-license-mnpl/ | https://mistral.ai/news/mistral-ai-raises-1-7-b-to-accelerate-technological-progress-with-ai/ | https://mistral.ai/news/mistral-chat/ | https://mistral.ai/news/mistral-code/ | https://mistral.ai/news/mistral-compute/ | https://mistral.ai/news/mistral-large-2407/ | https://mistral.ai/news/mistral-large/ | https://mistral.ai/news/mistral-medium-3/ | https://mistral.ai/news/mistral-moderation/ | https://mistral.ai/news/mistral-nemo/ | https://mistral.ai/news/mistral-ocr-3/ | https://mistral.ai/news/mistral-ocr/ | https://mistral.ai/news/mistral-saba/ | https://mistral.ai/news/mistral-small-3-1/ | https://mistral.ai/news/mistral-small-3/ | https://mistral.ai/news/mistral-small-4/ | https://mistral.ai/news/mistral-vibe-2-0/ | https://mistral.ai/news/mixtral-8x22b/ | https://mistral.ai/news/mixtral-of-experts/ | https://mistral.ai/news/ocr-4/ | https://mistral.ai/news/our-contribution-to-a-global-environmental-standard-for-ai/ | https://mistral.ai/news/physics-ai-research/ | https://mistral.ai/news/pixtral-12b/ | https://mistral.ai/news/pixtral-large/ | https://mistral.ai/news/rails-testing-on-autopilot-building-an-agent-that-writes-what-developers-wont/ | https://mistral.ai/news/search-toolkit/ | https://mistral.ai/news/september-24-release/ | https://mistral.ai/news/unlocking-potential-vision-language-models-satellite-imagery-fine-tuning/ | https://mistral.ai/news/vibe-agent/ | https://mistral.ai/news/vibe-remote-agents-mistral-medium-3-5/ | https://mistral.ai/news/voxtral-transcribe-2/ | https://mistral.ai/news/voxtral-tts/ | https://mistral.ai/news/voxtral/ | https://mistral.ai/news/workflows/ | https://mistral.ai/partners/ | https://mistral.ai/preview/ | https://mistral.ai/pricing/ | https://mistral.ai/products/ | https://mistral.ai/products/compute/ | https://mistral.ai/products/forge/ | https://mistral.ai/products/studio/ | https://mistral.ai/products/vibe/ | https://mistral.ai/products/vibe/code/ | https://mistral.ai/report/ | https://mistral.ai/services/ | https://mistral.ai/solutions/ | https://mistral.ai/solutions/coding/ | https://mistral.ai/solutions/custom-model-training/ | https://mistral.ai/solutions/document-ai/ | https://mistral.ai/solutions/speech/,43ddfb3fbb251b5d5f6900827fe94940a81d7b3d738e6442961e5a47d41102ad,10383
ui-sprites,source/ui/icon-m-mountain.svg,https://mistral.ai/cms-media/api/media/file/icon-m-mountain.svg,https://mistral.ai/ | https://mistral.ai/fr/ | https://mistral.ai/it/ | https://mistral.ai/preview/,8fa574691cc8d8baa04e17b1e11c7f4ff52bab0b53f492fa22b847dc45133572,7753
ui-sprites,source/ui/icon-m-shoe.svg,https://mistral.ai/cms-media/api/media/file/icon-m-shoe.svg,https://mistral.ai/fr/models/ | https://mistral.ai/fr/news/vibe-remote-agents-mistral-medium-3-5/ | https://mistral.ai/fr/pricing/ | https://mistral.ai/fr/products/vibe/code/ | https://mistral.ai/fr/solutions/coding/ | https://mistral.ai/it/models/ | https://mistral.ai/it/news/vibe-remote-agents-mistral-medium-3-5/ | https://mistral.ai/it/pricing/ | https://mistral.ai/it/products/vibe/code/ | https://mistral.ai/it/solutions/coding/ | https://mistral.ai/models/ | https://mistral.ai/news/vibe-remote-agents-mistral-medium-3-5/ | https://mistral.ai/pricing/ | https://mistral.ai/products/vibe/code/ | https://mistral.ai/solutions/coding/,408bef45ce4138e4170288660328a74f6277508a9770ea6d9b246ce469f73cb3,6885
ui-sprites,source/ui/icon-magnifying-glass.svg,https://mistral.ai/cms-media/api/media/file/icon-magnifying-glass.svg,https://mistral.ai/fr/services/ | https://mistral.ai/it/services/ | https://mistral.ai/services/,9f23b7a93626ca1c94ce153eb5b83abb94b55e1e9d4b2392bb083eba1c1fa0bb,5053
ui-sprites,source/ui/icon-mailbox.svg,https://mistral.ai/cms-media/api/media/file/icon-mailbox.svg,https://mistral.ai/contact/ | https://mistral.ai/fr/contact/ | https://mistral.ai/fr/products/vibe/code/ | https://mistral.ai/it/contact/ | https://mistral.ai/it/products/vibe/code/ | https://mistral.ai/products/vibe/code/,382b01d53014b5fa20f281833ddd20713834dac2d203e0510ce069bbf62d8c33,8150
ui-sprites,source/ui/icon-office-chair.svg,https://mistral.ai/cms-media/api/media/file/icon-office-chair.svg,https://mistral.ai/fr/products/vibe/ | https://mistral.ai/it/products/vibe/ | https://mistral.ai/products/vibe/,3d8ebd9f1a2dad15f57f353ffa2b0ce97df693d52a3d426b621ca22b0844ba29,3583
ui-sprites,source/ui/icon-pencil.webp,https://mistral.ai/_astro/icon-pencil_18zvEz.webp?dpl=6a3ad1d1ddeeff3ec7c9cb8e,https://mistral.ai/fr/industry/finance/ | https://mistral.ai/fr/industry/manufacturing/ | https://mistral.ai/fr/industry/public-sector/ | https://mistral.ai/fr/pricing/ | https://mistral.ai/industry/finance/ | https://mistral.ai/industry/manufacturing/ | https://mistral.ai/industry/public-sector/ | https://mistral.ai/it/industry/finance/ | https://mistral.ai/it/industry/manufacturing/ | https://mistral.ai/it/industry/public-sector/ | https://mistral.ai/it/pricing/ | https://mistral.ai/pricing/,d3d7fcfe7c9baa8b9a021842ff4f595e4b76cd5a1c1b8295ae535434bfadf842,3340
ui-sprites,source/ui/icon-pink-present.svg,https://mistral.ai/cms-media/api/media/file/icon-pink-present.svg,https://mistral.ai/fr/pricing/ | https://mistral.ai/it/pricing/ | https://mistral.ai/pricing/,02a61a8bdca12f806493ce02014397dc8c5d83d4ff68cf4cc1cb0e21c1cb7434,15708
ui-sprites,source/ui/icon-puzzle-piece.svg,https://mistral.ai/cms-media/api/media/file/icon-puzzle-piece.svg,https://mistral.ai/fr/products/vibe/code/ | https://mistral.ai/it/products/vibe/code/ | https://mistral.ai/products/vibe/code/,2d698462786eb63c335b8a7f3469df59b9a24bb0a4b6ae87dfd35cdff1105141,12086
ui-sprites,source/ui/icon-rocket.webp,https://mistral.ai/_astro/icon-rocket_1OfxzR.webp?dpl=6a3ad1d1ddeeff3ec7c9cb8e,https://mistral.ai/fr/industry/manufacturing/ | https://mistral.ai/industry/manufacturing/ | https://mistral.ai/it/industry/manufacturing/,bee35d6b50fcf5d0d690c82f7ec35955ffcb45272686b23179a018b76a3185d8,5630
ui-sprites,source/ui/icon-rocks.svg,https://mistral.ai/cms-media/api/media/file/icon-rocks.svg,https://mistral.ai/fr/products/compute/ | https://mistral.ai/it/products/compute/ | https://mistral.ai/products/compute/,54761a24dbee63e89315c547defd793e9c7436e41962aa006cf039123f3b42b0,5296
ui-sprites,source/ui/icon-rollup-chart.webp,https://mistral.ai/_astro/icon-rollup-chart_1AbEsI.webp?dpl=6a3ad1d1ddeeff3ec7c9cb8e,https://mistral.ai/fr/industry/finance/ | https://mistral.ai/fr/industry/manufacturing/ | https://mistral.ai/fr/industry/public-sector/ | https://mistral.ai/fr/services/ | https://mistral.ai/industry/finance/ | https://mistral.ai/industry/manufacturing/ | https://mistral.ai/industry/public-sector/ | https://mistral.ai/it/industry/finance/ | https://mistral.ai/it/industry/manufacturing/ | https://mistral.ai/it/industry/public-sector/ | https://mistral.ai/it/services/ | https://mistral.ai/services/,3587f99f0eb45ccd6886d169b100b8f15ec8cda38a6702db4bcea91f5e34b5b1,2404
ui-sprites,source/ui/icon-ruby.svg,https://mistral.ai/cms-media/api/media/file/icon-ruby.svg,https://mistral.ai/fr/pricing/ | https://mistral.ai/it/pricing/ | https://mistral.ai/pricing/,3b87539269d576e0be8f27d8626dcf00bcce31444f09596f68dba270d01c9011,11729
ui-sprites,source/ui/icon-shield-check.svg,https://mistral.ai/cms-media/api/media/file/icon-shield-check.svg,https://mistral.ai/fr/products/compute/ | https://mistral.ai/fr/solutions/document-ai/ | https://mistral.ai/it/products/compute/ | https://mistral.ai/it/solutions/document-ai/ | https://mistral.ai/products/compute/ | https://mistral.ai/solutions/document-ai/,3f06d6c1673a0e70544fabbcef7ebf78354c7a1188483f5df188797407c044d1,13066
ui-sprites,source/ui/icon-target.svg,https://mistral.ai/cms-media/api/media/file/icon-target.svg,https://mistral.ai/contact/ | https://mistral.ai/fr/contact/ | https://mistral.ai/it/contact/,b414a4c81e0430ee41a14f2920c8261af5f116f09240a2f74f64df0c99da3f53,8353
ui-sprites,source/ui/icon-temple.webp,https://mistral.ai/_astro/icon-temple_1TXmY3.webp?dpl=6a3ad1d1ddeeff3ec7c9cb8e,https://mistral.ai/fr/industry/finance/ | https://mistral.ai/fr/products/forge/ | https://mistral.ai/fr/solutions/custom-model-training/ | https://mistral.ai/fr/solutions/document-ai/ | https://mistral.ai/fr/solutions/speech/ | https://mistral.ai/industry/finance/ | https://mistral.ai/it/industry/finance/ | https://mistral.ai/it/products/forge/ | https://mistral.ai/it/solutions/custom-model-training/ | https://mistral.ai/it/solutions/document-ai/ | https://mistral.ai/it/solutions/speech/ | https://mistral.ai/products/forge/ | https://mistral.ai/solutions/custom-model-training/ | https://mistral.ai/solutions/document-ai/ | https://mistral.ai/solutions/speech/,eceb704c7886398e734561b76778deaaef1fe2fd1110cbd6ddf3b3fd2fe9ec98,3280
ui-sprites,source/ui/icon-tool.svg,https://mistral.ai/cms-media/api/media/file/icon-tool.svg,https://mistral.ai/fr/industry/manufacturing/ | https://mistral.ai/fr/products/compute/ | https://mistral.ai/fr/solutions/ | https://mistral.ai/fr/solutions/coding/ | https://mistral.ai/fr/solutions/custom-model-training/ | https://mistral.ai/fr/solutions/speech/ | https://mistral.ai/industry/manufacturing/ | https://mistral.ai/it/industry/manufacturing/ | https://mistral.ai/it/products/compute/ | https://mistral.ai/it/solutions/ | https://mistral.ai/it/solutions/coding/ | https://mistral.ai/it/solutions/custom-model-training/ | https://mistral.ai/it/solutions/speech/ | https://mistral.ai/products/compute/ | https://mistral.ai/solutions/ | https://mistral.ai/solutions/coding/ | https://mistral.ai/solutions/custom-model-training/ | https://mistral.ai/solutions/speech/,d7bd60aadb6fbfd707ccad5c51c2b63b08d5d3c43edc81f9406bcbf90c29f8e3,2350
ui-sprites,source/ui/icon-translation.svg,https://mistral.ai/cms-media/api/media/file/icon-translation.svg,https://mistral.ai/fr/solutions/speech/ | https://mistral.ai/it/solutions/speech/ | https://mistral.ai/solutions/speech/,a84c2be9d2c4aadff8a520c651e7459067beee30ec84b477adaeee4f7d3d01d1,3543
ui-sprites,source/ui/icon-truck.svg,https://mistral.ai/cms-media/api/media/file/icon-truck.svg,https://mistral.ai/fr/services/ | https://mistral.ai/fr/solutions/speech/ | https://mistral.ai/it/services/ | https://mistral.ai/it/solutions/speech/ | https://mistral.ai/services/ | https://mistral.ai/solutions/speech/,5179966cf574578a271009a2ba0ba3dfeb515e7a285feb5f043d5e3c4a138904,2800
ui-sprites,source/ui/robot.svg,https://mistral.ai/cms-media/api/media/file/robot.svg,https://mistral.ai/ | https://mistral.ai/fr/ | https://mistral.ai/fr/industry/finance/ | https://mistral.ai/fr/industry/public-sector/ | https://mistral.ai/fr/products/compute/ | https://mistral.ai/fr/products/vibe/code/ | https://mistral.ai/industry/finance/ | https://mistral.ai/industry/public-sector/ | https://mistral.ai/it/ | https://mistral.ai/it/industry/finance/ | https://mistral.ai/it/industry/public-sector/ | https://mistral.ai/it/products/compute/ | https://mistral.ai/it/products/vibe/code/ | https://mistral.ai/preview/ | https://mistral.ai/products/compute/ | https://mistral.ai/products/vibe/code/,9c974180cd9984d384c2e41af60d50fb988703439cebb0da5dd7dc952992bb58,2168
ui-sprites,source/ui/satelite.svg,https://mistral.ai/cms-media/api/media/file/satelite.svg,https://mistral.ai/ | https://mistral.ai/fr/ | https://mistral.ai/fr/industry/finance/ | https://mistral.ai/fr/products/compute/ | https://mistral.ai/industry/finance/ | https://mistral.ai/it/ | https://mistral.ai/it/industry/finance/ | https://mistral.ai/it/products/compute/ | https://mistral.ai/preview/ | https://mistral.ai/products/compute/,e1f9823587cc9202fdedf3e5188a1919dc268059c08b811efb1646cc05654550,3860
